{
  "train_loss": [
    0.0006908601611458216,
    0.0005500104968246289,
    0.0005366683448691423,
    0.0005316984399591815,
    0.0005189703387255062,
    0.0005163618077185923,
    0.0005155694149365462,
    0.0005129052664431824,
    0.0005108711697649185,
    0.0005086362300776626,
    0.0005095726126655043
  ],
  "val_loss": [
    0.0007440897204694064,
    0.0007647884425857817,
    0.0007348362217753139,
    0.0007367800734594793,
    0.0007431177026078598,
    0.0007653112560921512,
    0.0007806967379806071,
    0.0007493820744189981,
    0.000776363155369729,
    0.000772981164867387,
    0.0007584295539452476
  ],
  "val_mae": [
    0.020731458440423012,
    0.021102609112858772,
    0.020792877301573753,
    0.020792227238416672,
    0.02077971212565899,
    0.020937370136380196,
    0.021036606281995773,
    0.0208248570561409,
    0.0210118368268013,
    0.020959079265594482,
    0.020852841436862946
  ],
  "val_direction_acc": [
    0.5257249766136576,
    0.47988774555659497,
    0.5126286248830683,
    0.5112254443405051,
    0.5149672591206735,
    0.5173058933582788,
    0.5102899906454631,
    0.5112254443405051,
    0.5135640785781104,
    0.5159027128157156,
    0.5121608980355472
  ]
}